{"file_hashes":[{"block_hashes":["lzbScfyUNLShmnaEpPmYz3AlhoXKVIEA08ejh0kgxCE=","7E4aVh7VYsjzxWKqfIBQc45ElxPyyLcS2q9xnQutU48=","yPYLEm6psLtr5VmXVgGr67XsJwZDIzDYy90kTWwUTTI=","CFT2tr3crjQXa2+sfhBAxeEiqe6kA2cdt6HeJkUQTu4=","mMom5xliVP6zrVsrZYUC/MjQH29FPBFF8YhNtv+mcLo="],"block_size":4096,"path":"_locales/jp/messages.json"},{"block_hashes":["FrwFtWSF8VSts8r2zCEspdvvuDX4QcWXCjaNj3+ViDY=","a8T22WVC6nW4aPAeX6rJSV3dRnL/dQ29+AkP8PvdG8w=","Opgk+v98s4/2deqJ3wj4/NFs9Ee4vZ13vrG71Di3vew=","IRsKGbRREAmBPORZ4O+zfC9DRQFWhPMzsXWfWaC6LAM=","3tLMYla7YsN2wbcdQp6Vb8q4rbmHLRPr5qatNfI+FWY=","NVNtgS4E22ESiW4uicr+wbu5WprHyxEMu0z6kMAYfOo=","glfeeAi5e3mouSP7zqKzdLA6TsucM1itycH7nk66+94=","eyngHCegal80f4RptcYv5uysl1FEMyMjfHUvwYuG9XA=","FR6Jvhh5QL6tGkN8gX8Fx90P7nQH3PwLI+nTY2BvWZQ=","OgIC3DLJEJacoFCCE2YhMKtPQT0o7zgo48ABtdBxjGo=","eYjP0mKk3+HIziaIwt7AXICLwK2PveU/i+coiuKUsis=","m57YWlGtT/R/7F8ZANQYjq88r1KiBQAfZuQmr3+/BTE=","+GRabUtCfb48ltAC7BhhpbMFmqvsGROppI6uhYA18nE=","AQFqscLgvwueSgdY0McnjLx3JylJAEnpFuJbYA4IuF8=","sazzKinP5r9mD/39j3uszOrVBeB5AwE5miDShTJKbNM=","Un8wGT1wGe5NalbplgkNByPqreRpZuUzOxTdggBcX3M=","WpE4j+h01Mz9vTb4nNpX6rp5QhkYUaeAdFc0sMPGKeI=","gGalra5eseYdZPnt1iCu/6L350VvYj/wTieErf9ry2s=","G5K5bmx33aY83LKliJEqbtj0MI+/oJMz2O+CDEAOa0w=","hG7OD3GruY6HQbEy6vQ+7zeI/jXIoohubrKSu4quXcc=","s8FSjWAeBDI/a9uIslDTfibB1emKUPsEYfTRyu/6YSk=","ob35j4tPCp+BDLJXXUGpdKLBerOryq8kdsSU9LRmIsg=","3NbfKzJpOlm2uv4z8iOm1yNPcBnZU65Mla9J1PsHDMo=","aLW9WJxtANbr5xMjO9Go0um0La6sAyW7mXUJiwp5fxI=","0DtlNuXgFLw/3k9v8US0uQZWUwW0mkZKVAYAHYKoTSI=","0qPlgsD4RllhZ6kmB0oS28vYfqY8y+U7u5ObXGrKfTI=","ps3cWesInnwPXtY267+5q5eMUGR8Ubr0J4GKr+NlAJo=","6V1Z4VxcMroLsd5v7IZtqCIis55Id0pmWrd9MRkhLc4=","hn9AdmQNwUoSxwOfQ7jHvrHnHIsAfsDIM+/5SWHhYtw=","fROSu+yQu9lPyLcL6f2CwezN3rS9SVRxKpHPl3SFu9I=","oTGSY4VoChND+7PE2fUEogfBSNVJsoohofgIvJAiq0I=","I5cRf6YvyHs5ULTSXsJiQea7ZjPSUEElyTMCbIM+LMM=","WxAW5CzVkUAkwQHyd4vFcXqplZgB3/MNKGovSmlh7jE=","ymdLbz2BGFWcr226LDZPdE/0DugrLIeNH5ExNNZkbwE=","GVXpwy5pbeMvbt3hwjwAIQI0xtXrxKsrwXtg7lcu8nY=","H2Yf0TetW7mpJT7JfiHKZRt0E8zoNWNLnur5tmnCI8w=","p6CMVaT1+j2kmcP6swPIbGidLurr1U1GKqMJASNbU3g=","W9t5EKVBB6DXvHjbH1tZPCP8o8QiefzZq92s7F2SKe0=","8Cw/ElAlpXNa385ATKIZu5zV6enRDaR+vUqW9C04Wu0=","Wm1NZhrZbFCDCY0tgVPpjhPEjVMX2cnLr6S1gb4PrG8=","lQaASkcvrYLSe8GCZtArSGy7yYhSsPZ40ypVn2ouVVQ=","oevlsllbG8ous7tOTzoaZ+EkFJn0YKeszOw+iyVGzXg=","rwkDdtw37ClEtJSKqf8ukxn4XAIzlDJZsWSGj0CgE0c=","LpLzbCRNuQ30c5mOxSYZAMCqtxOLnRkh6cvBLaD10XA=","9566kWu3ElBMWjPbx//6GrnB+cV/TzOVx5kgThJuA/Q="],"block_size":4096,"path":"background.js"},{"block_hashes":["4UAkwrQsYSPok32shcMXdjeXFgOAO+eldilluPhwOi0="],"block_size":4096,"path":"css/custom-styles.css"},{"block_hashes":["sG7egkXozc8dV1T1c47t4SzYKOR8ZbDyIQzfvcvK1zk=","1ExN/nd4JzY9RI+ytT0p4G+HA3mF5Vp1GNsgb/R/H9g=","nscGHfjrjfHRW+CzGHeM1WDSeTC4o9FdynRZsjwFpXU=","1XxqLcl0MUjeJkCDxO6h5ATNaLhKCOuiA9QcWKe0nH0=","9bU703QwLdR68TDdh4PGJTaHzmewbOxWXZjdLdsN63o=","/WKXORjTUs7qJ7ncG+vapdKGvY6ocXHUEnmx0L2a9os=","WAz8aoZJhHAj5oCAECbX1SRwG3LmQ51emlRCkMBy3q0=","JXMv33A63ZnN0nvwJrrWq4X9llfMUP0H2D8PNtiEI/E="],"block_size":4096,"path":"css/home.css"},{"block_hashes":["Qs847hl2hmgxiCMi30uXNN3ZEkiweX4cfX/h/TuLv2k="],"block_size":4096,"path":"css/loading-edge.css"},{"block_hashes":["8P4fRImZEzMJzg8mj59d4Wy58HXfcZK+xaLK+gdWf1Q="],"block_size":4096,"path":"css/loading.css"},{"block_hashes":["lLo3EQEGpbVKmhaUN0lpdc6jyZKzosfNpJauZDe6IEE="],"block_size":4096,"path":"css/scroll.css"},{"block_hashes":["4OftmDSGi7vmd6l7fbrCSj8t3GmsYKbK0rPYDEC15Hc="],"block_size":4096,"path":"css/websites/4chan.org.css"},{"block_hashes":["Gddwzb5SPCnLnrr4+/f36ezq0br6zBQ+RojtBZ6b1s8="],"block_size":4096,"path":"css/websites/afr.com.css"},{"block_hashes":["blxhjIQ+5LvbqzokkeJ1fJMDncRWQUqAHxNlNoByw9Q="],"block_size":4096,"path":"css/websites/alibaba.com.css"},{"block_hashes":["jSmDSZgKdCMC7+Y6kbmGPN/nfLvCShercmnxvsRAfNQ="],"block_size":4096,"path":"css/websites/amazon.com.css"},{"block_hashes":["nYs8qK51B5QIJkPLt/gQJ68pstDTlXx5O9edH59vhUY="],"block_size":4096,"path":"css/websites/analytics.google.com.css"},{"block_hashes":["6LBEdYtfoZa3dTKT5JZY4hpr/gGKfT0EmU4Xzg2skmE="],"block_size":4096,"path":"css/websites/app.asana.com.css"},{"block_hashes":["x/pGSIPaftd5NlFQkTruKJYdblv1zbI31qihgNA1QAg="],"block_size":4096,"path":"css/websites/app.diagrams.net.css"},{"block_hashes":["zQ35Kx1czEkSZfs58S9SzyyDCU9eZWY9YiQ/so9rt5g="],"block_size":4096,"path":"css/websites/app.roll20.net.css"},{"block_hashes":["k3wiR4bqKZcr3WEU5AqsqRPPTAwnrqNIHmkykDjXmLA="],"block_size":4096,"path":"css/websites/artofproblemsolving.com.css"},{"block_hashes":["2Xeo9jqGEwtH+kqrASk8H2uZmfBeVuoH4etZj7p6Mkc="],"block_size":4096,"path":"css/websites/asdf-vm.com.css"},{"block_hashes":["9s9LghhToW+RN3hidQ6+EstxcclxRWj1IX8CmwPYSzk="],"block_size":4096,"path":"css/websites/auth0.com.css"},{"block_hashes":["7D4beaRJwOsL/IKReE2D5aIqjC8kcQ4SUQXfpUYVGOQ="],"block_size":4096,"path":"css/websites/autodesk.com.css"},{"block_hashes":["5DzVeaR3ILU4rDN2bek4fELECbtsQWZ4mIHuP3CH+sw="],"block_size":4096,"path":"css/websites/baidu.com.css"},{"block_hashes":["gqL/7UNIK5zzHBfKxh6jgU0Bp5oDdrS6g+1qmPdW/u0="],"block_size":4096,"path":"css/websites/bandcamp.com.css"},{"block_hashes":["1UUFGd57XIywq8hFF1JaNlvCJMTyzEg+z+egwc6d6Bs="],"block_size":4096,"path":"css/websites/bbc.com.css"},{"block_hashes":["PAXRioSCMtnwfM1nhjdEi1XyqrohA83pdygNV3+Zi5E="],"block_size":4096,"path":"css/websites/bilibili.com.css"},{"block_hashes":["DHFWcEoRsue1p1O7XfY1RGS9pEJgE9Tvw1/pZ+zxOks="],"block_size":4096,"path":"css/websites/bing.com.css"},{"block_hashes":["vGQT5x0/D/lnCtzXzvO4lT7TnYM6stzmbFEDvKj8qK8="],"block_size":4096,"path":"css/websites/bol.com.css"},{"block_hashes":["E+JMLwfdYovCD0hgc8YUHUKAiD2hKb02UzhOvxvB8qk="],"block_size":4096,"path":"css/websites/books.google.com.css"},{"block_hashes":["d9uk9K0B+5a0HeVcc+YGqIZGYTeJz/6jvSNBr8etMbg="],"block_size":4096,"path":"css/websites/brasilsemmedo.com.css"},{"block_hashes":["ZVbijjjZw8kCA7KvfFgyntM81GKx4qdWppyMOWrzth8="],"block_size":4096,"path":"css/websites/bugs.chromium.org.css"},{"block_hashes":["w6JJvPKhX+bOOJ6OYiEn+w2nyBOoTpIr6yUbchXhG4Q="],"block_size":4096,"path":"css/websites/calendar.google.com.css"},{"block_hashes":["+aIswq0oespgH1yQGUfhRRPN+JDiQVXyaJ/YNyDXV3E="],"block_size":4096,"path":"css/websites/cinecalidad.to.css"},{"block_hashes":["cCSoh6CKfkY8zxUhTNR3vdzetEeYtJ29VeOezOJAOpA="],"block_size":4096,"path":"css/websites/clubmate.fi.css"},{"block_hashes":["5I3ipoptmMfAjc7UvrMtiP80e/Z8MMQwjl2Se0/eZ7w="],"block_size":4096,"path":"css/websites/community.soundcloud.com.css"},{"block_hashes":["bj6QMGTT9eHmq3PPlC25XX74SRvECwxZGVrV7C/FSV4="],"block_size":4096,"path":"css/websites/craigslist.org.css"},{"block_hashes":["ahA0Gh1DkIJV+rZJXIC9XQJl1HVw8egTh1QgReXwJlM="],"block_size":4096,"path":"css/websites/daf-yomi.com.css"},{"block_hashes":["eowUUBfXy39e0s7BuahUbv0zs+yhuGm1ZbyatTjfC8k="],"block_size":4096,"path":"css/websites/digitec.ch.css"},{"block_hashes":["eWvdzd1TagDMSeQ0TUzWkaUs+htlkh1NzJVWwvydbiA="],"block_size":4096,"path":"css/websites/distrowatch.com.css"},{"block_hashes":["M9522jrDJQs8AqPmATM7iaPxyo9WtyYt1nizFbtMpts="],"block_size":4096,"path":"css/websites/docs.google.com.css"},{"block_hashes":["vmZyZ8WNn8LL8flT6yoSZZQrTxfDqHkrtVdDaFRQ4Sg="],"block_size":4096,"path":"css/websites/docs.mongodb.com.css"},{"block_hashes":["oL45J8p5N9fX3LhUpJDNR4Ykq+ybCRKhLFpnCCOIYW0="],"block_size":4096,"path":"css/websites/docs.opencv.org.css"},{"block_hashes":["ybw5kzslHvF91aK3K4uHXMfAUtBz/NybEv9dZdoYUHY="],"block_size":4096,"path":"css/websites/docs.rs.css"},{"block_hashes":["SogjLF/g/ySnmoM7UaB7dtkAlC0e9EnRGh3w1qga4Pg="],"block_size":4096,"path":"css/websites/dr.dk.css"},{"block_hashes":["vCN803V5auWm1nGrhVs9f6PR7U+rlgMmh/aQPVj9fCM="],"block_size":4096,"path":"css/websites/drive.google.com.css"},{"block_hashes":["zdRyxkEmrzEvRGGD9X1egDM2RZk+Jl2q1thMVFDl3+M="],"block_size":4096,"path":"css/websites/dw.com.css"},{"block_hashes":["amMC3ynevAnkch98RXwe4KYyMmxbfIejw43t3aD0VMY="],"block_size":4096,"path":"css/websites/ebay.css"},{"block_hashes":["/aCX9o0n9gnB2MX83LjOOtfx9Pcwi+EeY2SgWzc7nuQ="],"block_size":4096,"path":"css/websites/english.stackexchange.com.css"},{"block_hashes":["mDRuIk28EOMpeYvtMpq893BLweC5wx2QHe5iSzMjQT8="],"block_size":4096,"path":"css/websites/evernote.com.css"},{"block_hashes":["jMtBVghd6HsPKP6yVaIqEoHkrjZ4YIobefj0XfTZzXE="],"block_size":4096,"path":"css/websites/facebook.com.css"},{"block_hashes":["gmyU0Yzr9P2si41mTvEOJmSyntAP2qma1nwZpGkjEAI="],"block_size":4096,"path":"css/websites/fandom.com.css"},{"block_hashes":["V6CHuz8EwCY05zx8Wz+FyVIGR7L6ILRvy9iGTnYrw04="],"block_size":4096,"path":"css/websites/feedly.com.css"},{"block_hashes":["FjmdHU4k1Kn+Xy1E6ysMjHZ8LB06PJ7410d8ZsRXLjo="],"block_size":4096,"path":"css/websites/finviz.com.css"},{"block_hashes":["cxvIgBhhwLnPU7zhPx0xjov2FGICdGVSZGKRjBP9b2w="],"block_size":4096,"path":"css/websites/fontfabric.com.css"},{"block_hashes":["kk1/QBrVeo+9bQ3ebCtZAoxakOl61ShyLvymmEhRCio="],"block_size":4096,"path":"css/websites/gazetadopovo.com.br.css"},{"block_hashes":["x3qjEFIxVvVgsQYwO/X737r/AaWf/xP1nZYsQa2Q9nM="],"block_size":4096,"path":"css/websites/github.css"},{"block_hashes":["fbT72kMWyTrywLLGoL3FGHhLdowMq5qQP4gPo8swGvQ="],"block_size":4096,"path":"css/websites/google.com.css"},{"block_hashes":["WIEHqArD/86cNsJmezfSN9FF7pv2YijQP8ryLOcVrLE="],"block_size":4096,"path":"css/websites/google.css"},{"block_hashes":["QdMT7S4aVHRW/XYFxYOwrh4NlBraCibezsckjjp8NU8="],"block_size":4096,"path":"css/websites/groups.google.com.css"},{"block_hashes":["uD0xR1ncQhNjQ/J4kp2p3GSCsS7bMwBzIU8sUc2punA="],"block_size":4096,"path":"css/websites/hangouts.google.com.css"},{"block_hashes":["kDCrtvQOknzJLVV/vtdhLWDADX10JvQKvdEmdqfHuGo="],"block_size":4096,"path":"css/websites/home.gamer.com.tw.css"},{"block_hashes":["1axRB4aI+cLJzsd3XvEZPmKMKKRFP9cqYtD2kJh1N78="],"block_size":4096,"path":"css/websites/hsreplay.net.css"},{"block_hashes":["LsD0gMKWX7Mxf9u69KIo/jUn6jL4+GQYv+vKwPiMhFc="],"block_size":4096,"path":"css/websites/ign.com.css"},{"block_hashes":["d9uk9K0B+5a0HeVcc+YGqIZGYTeJz/6jvSNBr8etMbg="],"block_size":4096,"path":"css/websites/imdb.com.css"},{"block_hashes":["x/+R3ZeUXUw8gKLDHbzMbRUk1etLYCoXBHfLf3H5GNM="],"block_size":4096,"path":"css/websites/instagram.com.css"},{"block_hashes":["q8eAAhBEubPyfEJGxsAkXVSktWuhtw4A8r7pz9mYE0k="],"block_size":4096,"path":"css/websites/jamboard.google.com.css"},{"block_hashes":["ArXguup3cGftTzfuCWp0vWao85+z1bq/kkeqnzr8MGY="],"block_size":4096,"path":"css/websites/jira-server.css"},{"block_hashes":["bwNhq6HH/psHbxm6SbYxQRz0OZhfuZX+O74q2SU+Pnk="],"block_size":4096,"path":"css/websites/khanacademy.org.css"},{"block_hashes":["KhmnvOM0O0ndDR96DUO8mNDuIIFlwv4bvQcMz8MXr/M="],"block_size":4096,"path":"css/websites/kizu.ru.css"},{"block_hashes":["47DEQpj8HBSa+/TImW+5JCeuQeRkm5NMpJWZG3hSuFU="],"block_size":4096,"path":"css/websites/krita.org"},{"block_hashes":["burYLI38oAm9ePNiS6affXkvG871byeuch9780n+Cp8="],"block_size":4096,"path":"css/websites/last.fm.css"},{"block_hashes":["QMH5So9b4IyfvZcf0YR4TN3fSfD9YeUsBF7xDguaDoI="],"block_size":4096,"path":"css/websites/lernsax.de.css"},{"block_hashes":["/bpMP/GXzs5BeHGjCTjy9cEt25y9iGBUmasnYmK3/5s="],"block_size":4096,"path":"css/websites/lingualeo.com.css"},{"block_hashes":["7JFqDDWiHDquscJh1CQ5/5bDxz9j/G5bt+bXhPX/kOk="],"block_size":4096,"path":"css/websites/lowes.com.css"},{"block_hashes":["/wjbe554zFusihpPFqmNFn1d9lggU9e5VgyvGuKLqQs="],"block_size":4096,"path":"css/websites/mail.google.com.css"},{"block_hashes":["2ZyMjQb+LoeRnCczlSEWYQVDXK2phSx1b2WlsYeIsYM="],"block_size":4096,"path":"css/websites/mail.protonmail.com.css"},{"block_hashes":["hVUE6XExPUIr5bWAPpWqym+QLXPxpLSSRzFmxZCWk/c="],"block_size":4096,"path":"css/websites/mailgun.com.css"},{"block_hashes":["gbsYBgjv+tvqZSOOj9lfuFhtJikTG7koYfqnSFwp+xY="],"block_size":4096,"path":"css/websites/mangasail.co.css"},{"block_hashes":["f3w0Juw96HtwUut9ca92PO4g24udebho+1fld0AERM8="],"block_size":4096,"path":"css/websites/material.io.css"},{"block_hashes":["U2tjmaUw8AGaMtuP2y7Nn5a5h57iywdog9k0VUuBFYU="],"block_size":4096,"path":"css/websites/mathworld.wolfram.com.css"},{"block_hashes":["8Xh0ManYl95310Oj7eHgfyxInfI3ZnyvKz546cI47wE="],"block_size":4096,"path":"css/websites/messenger.com.css"},{"block_hashes":["bMYL/Qd9S6+QtuBDMB5/nujUY6cwS0l5U2NG4s7AeDM="],"block_size":4096,"path":"css/websites/microcenter.com.css"},{"block_hashes":["VTdBFKB28UED6tteoz2ztoajKUvPyZGdO4qJm4lDObU="],"block_size":4096,"path":"css/websites/msn.com.css"},{"block_hashes":["3K9FNEhD7cjC7Tc8FbVNM37jRhVhn0hEpgeJkqEZbZk="],"block_size":4096,"path":"css/websites/music.163.com.css"},{"block_hashes":["vpcZJYRUexz8o/mQzPrjaZoYsOLR4++FJ2JDc+vL9YQ="],"block_size":4096,"path":"css/websites/myfonts.com.css"},{"block_hashes":["Kkw5VTVhc4J5sCd9Fhq1O2ncdlybKkTzwMxzvCeRRNE="],"block_size":4096,"path":"css/websites/news.ycombinator.com.css"},{"block_hashes":["Bn4fAps1GjhI43j+Z2DNG6N9U2Ij3wUYQcR08nk/mxc="],"block_size":4096,"path":"css/websites/nytimes.com.css"},{"block_hashes":["RHToyCiwb5B/pW4d27yYdRWCCfpiuPAgY2czdsia/AU="],"block_size":4096,"path":"css/websites/ocw.mit.edu.css"},{"block_hashes":["3IUfSz51sgFMKNxo1xiL2fN+QGOUeMd26suJPoOMrO0="],"block_size":4096,"path":"css/websites/oeis.org.css"},{"block_hashes":["w9q3njXmOQyxrYXSuzRPC2Rmmnv9S/xhxcLhByCAjis="],"block_size":4096,"path":"css/websites/ordbogen.com.css"},{"block_hashes":["d5rAIjN3XF1ssYzwtCIDIUNP8m2Wnu0f9BvVZaEvzz8="],"block_size":4096,"path":"css/websites/outlook.live.com.css"},{"block_hashes":["0Ri6eHd9bP8sAXfp8mfZk7p7c451ZrukHHM2VvxD/hg="],"block_size":4096,"path":"css/websites/overleaf.com.css"},{"block_hashes":["kna4bCEhzeWI12FYQzTLdHmZAWsW/lNJddwGuWcXCqU="],"block_size":4096,"path":"css/websites/paper.dropbox.com.css"},{"block_hashes":["6M0BsuUQgze9aukZrG1t1meM5ltzvUwa984Kdm0Btvo="],"block_size":4096,"path":"css/websites/pcoservices.zendesk.com.css"},{"block_hashes":["oXBa3cVkhKv96kiP7OjvT2oaZSXQVS+dvTqg/VEIlgM="],"block_size":4096,"path":"css/websites/picrew.me.css"},{"block_hashes":["+wvipSGastH6ejzTHE2D6/AEtt7YbpP4/qtCRPS5UUw="],"block_size":4096,"path":"css/websites/pixivision.net.css"},{"block_hashes":["bs1SkkVuIXLqlKdwFve0OektfZ8U3bdXVcGAK9bsO1s="],"block_size":4096,"path":"css/websites/protonvpn.com.css"},{"block_hashes":["mf1dp0HgL5h0Nru4VgDhjadfcBVokGYlbDs4jP7Hbv0="],"block_size":4096,"path":"css/websites/readcube.com.css"},{"block_hashes":["5XmMvd0kjsxIQKxuL7tc/uN1ExhtQdjwgIDeAg1Sh2o="],"block_size":4096,"path":"css/websites/regexr.com.css"},{"block_hashes":["+27xTXLfPYxq+HK5IOGvkjtzvZHPN5Ih1Vz24snoEtc="],"block_size":4096,"path":"css/websites/rescuetime.com.css"},{"block_hashes":["GUnJ185uPsv55zUMbhw/eARKbH9SSX6Xl0oRflTdHgA="],"block_size":4096,"path":"css/websites/salesforce.com.css"},{"block_hashes":["4eLgjvaX6NQkJWpLfph8NeZc0PLx4sNjPJzS7jiB9UA="],"block_size":4096,"path":"css/websites/schwab.com.css"},{"block_hashes":["ZbvlVkDA+gZUff4ku6QwlSAdboCVf/drPZTyz2+yN9s="],"block_size":4096,"path":"css/websites/scpwiki.com.css"},{"block_hashes":["A2anUf34Ky/Cs2niO+DHRhUSuKne9fpUfuNxvDqhuv4="],"block_size":4096,"path":"css/websites/script.google.com.css"},{"block_hashes":["+WPQbKmFsupak/J0toG1NgNHxNJbrQz1BkhlicMxDig="],"block_size":4096,"path":"css/websites/sourcemaking.com.css"},{"block_hashes":["FbpQt2z7LCqrks9NIT+zCh8a+kA+cjHROq8JS0iz5Ys="],"block_size":4096,"path":"css/websites/southparkstudios.com.css"},{"block_hashes":["nBgt9nIQYSXnz8H0XzNVGpI4RWIuM5aNg/CDagkG2uc="],"block_size":4096,"path":"css/websites/spaceweather.com.css"},{"block_hashes":["3MjW3hNyCCYa305ZNF5RK6e1zaNKJ5Lz+sPEB1YoQbc="],"block_size":4096,"path":"css/websites/stackoverflow.com.css"},{"block_hashes":["o8pYf5cQAWCzPvbneWgseu4OkEGviHZ873wYDexHV/w="],"block_size":4096,"path":"css/websites/strava.com.css"},{"block_hashes":["MpfGRnB5I8c29rX4x75bn2sEjR+pY6fdrJFJ2Vmal1s="],"block_size":4096,"path":"css/websites/studio.youtube.com.css"},{"block_hashes":["80QvY8ISLciT64cWJLLfJRYdAYIopk+S8nXo0ZIAfTk="],"block_size":4096,"path":"css/websites/sunnah.com.css"},{"block_hashes":["MiAVOWWqmvtZ3cI8cE+LvMy4yy9JwTB86iG7NpdvtfI="],"block_size":4096,"path":"css/websites/support.atlassian.com.css"},{"block_hashes":["s1y4bzdoD56u0KNCx6G5NyrGxWEpDg+9cAc9vDxKRa4="],"block_size":4096,"path":"css/websites/thenounproject.com.css"},{"block_hashes":["Y8Kp4nTEzAW5Y4+gYXkC/CX1oyAKhwrQy1kjqdOxdA0="],"block_size":4096,"path":"css/websites/theprofstudent.com.css"},{"block_hashes":["KDqSqcUfPuQGljFGXGXzYGylquRcOGd/N6YU26rLJHE="],"block_size":4096,"path":"css/websites/thesaurus.com.css"},{"block_hashes":["cu3BemBa5evv+D9+DlXP4/x3HxxWpqhnJiX0HWWn/Ic="],"block_size":4096,"path":"css/websites/to-do.live.com.css"},{"block_hashes":["cu3BemBa5evv+D9+DlXP4/x3HxxWpqhnJiX0HWWn/Ic="],"block_size":4096,"path":"css/websites/to-do.microsoft.com.css"},{"block_hashes":["nXjIUk7hXl/IfQzgpw6ldMBu1a1OML5MbDf7s5MU14M="],"block_size":4096,"path":"css/websites/translate.google.com.css"},{"block_hashes":["gshXy8pYK4jbms8n9DGbLbvD4ZJWoO4JtGjWV2418F4="],"block_size":4096,"path":"css/websites/tunein.com.css"},{"block_hashes":["Oj+fPmiWRFzGSCr3GuxkDc7zAdtZrHvjdDf1rWDY0Ys="],"block_size":4096,"path":"css/websites/tv.apple.com.css"},{"block_hashes":["FdUyjuQnqKnBohJFuFAsRXKZzOJVO7qFetDlu/SW+jA="],"block_size":4096,"path":"css/websites/virustotal.com.css"},{"block_hashes":["r8hLQS/Z3VUfh0VDJiE+ds4ANMS1mmMhiKvDSgfJSEY="],"block_size":4096,"path":"css/websites/vk.com.css"},{"block_hashes":["q5H3BLMHpxtBZ5k24j+isTaNZSswAGZ+MS2ytB6hVPA="],"block_size":4096,"path":"css/websites/walmart.com.css"},{"block_hashes":["qB7wDyBprNn7XkhjQLC/6N/4LOQEtwaLdcwh1WpVpLc="],"block_size":4096,"path":"css/websites/washingtonpost.com.css"},{"block_hashes":["RaQQvXtTYLZ9MkbfT1lLkStkBAgm0v4mSX2kA2wxgBw="],"block_size":4096,"path":"css/websites/weather.gov.css"},{"block_hashes":["BAM65SjSXOBTeAxpg8NO4J0MLUnbaSMNNsV7YO6t5I4="],"block_size":4096,"path":"css/websites/web.whatsapp.com.css"},{"block_hashes":["Vb3LvoxjB0uvw2LyncrDrynmeh1mOB53UxW3P7C1xtA="],"block_size":4096,"path":"css/websites/wikipedia.org.css"},{"block_hashes":["EtZkr9/h7rQ2XQMn0CVT+F6LCWl/unDFZd7VjZMOHJA="],"block_size":4096,"path":"css/websites/wolt.com.css"},{"block_hashes":["yC5VHqp7afMWztZKvd/hCEG1m4YnbrcWFKaCfv1ogZA="],"block_size":4096,"path":"css/websites/wordpress.com.css"},{"block_hashes":["VPepv3kM+l4mD2bKSjA6j1tW6l4pyZaoWvFw1Z5rK9Y="],"block_size":4096,"path":"css/websites/youtube.com.css"},{"block_hashes":["naUSwhSUSsoJdGDdjBwxaubPCTsPCwGYIKhJOaCpOBE=","deWFl8W5XODf8MNQgGigNynQVVGBaWAnJvB8OW4J3ZY=","Ql49ruNFcRLQmnuydmagK6KpKZnDKyDvlkOwnDrslfk=","0uBqbFJ6MaKAGRTD4iVQDY8Qxi067fWYPFaEBovcIGI=","A2d3pmhxpxhsh3kqOHxs9lKHq6f0G2ULjdNmgJxlt94=","hha+TecXPp0fkcD0oWKV1yIZ9Vg8F9XnNn3NSTZxS9g=","UCG7AlO8UMdYdMtnGj8Xqf0Cb8UzavZqqnChC8Fygik=","A19bGCJJB4e7EBpf6xomME62uO8Ari6d4cO6I/WZpYE=","NZDf+0T44/jb+gLshHB48JAW7D3XAQCucUsYmw/Uqc8=","w+pbVNv17CO2OosGNF1Rw+o2t4zhtKdBlxb/ZlFBYpY=","NUdI/tzlKeTmyk3Iho9yswt22BWUN5B5ir4GfQQGJrA=","8RRSm6vgwmCpyUblz/PzKzBELWpWmZHGHFaiquyo0pc=","S+xPxZEbkDnIARCJVjbUhzc2AuhmBz7sPQZXgnV6oBk="],"block_size":4096,"path":"html/browser-action/home.html"},{"block_hashes":["569FJ5oEcyXr60NA389PzShMNThW71kdKVs1buQ/O9U=","7tkqXf7fs1IYceLBVW3BV4rWDH64ZMS8ea/woKZt044=","CJZ3si8aiw1X9H15ggVa09Vys7Zf4Ta2WoSY1rpBl7Q=","Xo7QuYKEzNYcS86cwXgiqM2nQpQHKub6avLD325EqBk=","BKTFvz/TKxCSZe9wYfnf3gvKAaRrz2gNxy1jikIHvqk=","lM60mkdMHXXcQEJhYSLrrs1puxr5E81gFeevSQCOQHk=","6QdloO3y9uXaBRlLdWL12igK08Y2fASGTR3H5xXkikg=","R7TcQjJq1xdvRxxNTv729jehwrC3JXuROMcAnOAugmg=","/r1LpdVE2cLsfRGzNFg+Rwr9cnkZuusSPsvxyWZZCms=","Krcjoohv4WUFF5vogXabvrMCV4oPQnkir7MXllsb9w0=","r4u+2Q5jOYOMrw4wLRPI3GBStk7+WeBUwFMZlyIw0YI=","4XubC7dmqefs0tsAFGlaZ/+wbXD3j6u/lkKO5PAPNYA=","pPN96sMiIdMYCvJFX95AxJuloS3SOVCWefYTdqRY3T8=","exWbvNTglWMtvBcUExEHgkh//PZJqI9z/RZUdHBavwM=","3yxmlXLo1XONJXiLG4hNs350zO/gKOhnshhoThSEaMA=","7gBxem6hMdZNLyWivI1HPJ8iROLp2ypEHC4G5f9e97E=","K23Xqm/2urZ5V8rpSgSK/VlH3a2GWOkl95cxJ8avvls=","0lxWOCHF/ixNEwsheef/fQkg9SGq3jI4xK7YMO5+jgQ=","EG9snT8cxZRdGalOEgT+xvCfQqVcORFwkNmuu9Ofz/o=","clZZjT+8vp98zwqSD/wJbiMDWqMFX/G0FAdwCeqhiVo=","W5sJo9GZc41ZsxdWv2bsGocuPoS8lsZ4nM6CVH6/tk8=","lAirxlgSQgnpOn/r8MXpXErAybPBikHsOE1Ar666gWA=","OWJrw30oYuwiWZX0WXMekELDf3/qj38W6gV0jsV5flM=","Ii/XXtQVC+T3nlOP3LPVXApzhv160xkHZZZ7exLSLA4=","SdZd+7zq0AZsReNYWVW2zC/RfxeXfDGKNKo4E9cnOFY=","pUOXQFOTdFM+R1vrkcNeFRXjK97P88R2WxcXTVy4/k4=","xQRRUn5u9dHSApYFaannl2nQa8lscX2i0nwyzbWwV18=","tWeyEZLFaDUUJE1NJS+4VAQAKK5wL4nqGIJcAwbC4Sk=","/jceg1XyYZf973fez1RmTMEzju+SE13IdDU612iUh+U=","PqkVuvtmbEyX+4VgXLSoUjv45Btr9UEeZHUHfZgpHDQ=","atdyQ67Ibp0E3vset2Bn9HaL43MyWG94BBo+dKLiRIU=","wbvBRT458REVOd6nXfjfXrWGdCgMWI7VNYDls5xAsNQ=","3k4/lUWnPoqjnlWzLvQs6Sui6iBYyJ96P/zEYSuEIH0=","wvsG9jvTbobTltzEBSkubCBZ+wWknOoeZPuPkxvzyqA=","XP6Y92thhnt0V703QWL7uLq/8PYySfj/FPa7wwCIiqM=","tGH8cdZ9+oyYx7czVcPJ4o4NcKcDto67312sJY7DMqo=","rO7Uv5cHj6hp2gvy7Twauy/pawGNoQPHBBYOPQ91Kh0=","zkdzUD81+Ao1mWL8xMFfFRW8arqvrMqXFTUHv1iZOu0=","Hokq84BVChHJd66FxYM9xy4O94HWMQsqyPcFgbvyITM=","FhFcg1uBOUYSc4GsOvLQeNxwvqXfP6V3icXNdXQj9aA=","e0nGRfhX2XtLI0T2nY1ZOyCcXU2M46FQDb6iQ9prrfw=","fcC+hIQ7rtYL/CvBwXZNX81Oz9QheC9Jl025R7xoong=","Ub2BlLm/w0CCdiysGp+5NDAcWOD084UcI5SAOJznAY4=","ak1WIBjTbcAjNtIb7CqD9bjBPqgrmRfWT364+nQLJKU=","siQAKJvMWdzJmuMKjwcxyVoOjlEKfD/z20GHmP/a5kU=","/qLjfGdNcDgxcjJRRAVJKAVfhM4AtCIAOLxs971T3fY=","zXAXgNFdAnPV1LMARH+Jmb4gK2gcSklMnJyz5LjbCYY=","5JVBkfu4IGZu+4P16N/nsL/Ekg9L9USFzC761oY1zyw=","/W6VQFDHM4mzbPEdk6T0xNdjg9Qomgf80+KQQrMSdc8=","/lYqkQ1chEm9az+yUKvrB5HEmBqew4rh5XKDIu27W00=","Za5KNmRiWfZ8fEmVyuwhsV8rsrpaOdc6A4B93uaOx54=","2SLZhHxybUWkDjYQsZVc1i4WN7WDfr/bRhhH6k+tBsQ=","hYT6mJ9zGrBCUQBMMrnM95Uy7HOd65m+KBf4CiHC6DM=","Bo3GdxLHJ/Ii1MPeyvwaJbX0APyHxR+LwMlVFQUMDEQ=","1aVUPr5kxmvyvsYuva4vQiW4nw0F3N0y40LH5CbSVgQ=","pIDiFo+EQ06wRYt/HA65Os8LIyKxKwo3ZutHB9j3Kx0=","rJw4RkQ6w33WXFrS/b3RnID7PoSOU4uDabYEhPyxpzM=","Xl40qRSGNYzzErGCCqxDGGttNbRPsj/1heCnPfrwjL0=","xGwOtLT2x+4uR06kXNkBeY7C/SBCnoIm0npz604pNIs=","arK0AoQpA+KGE/J1zmy1ET7A6BFHUpAyxP4kLwbZK0M=","+4qidTV1ZHZuAm+xhRqMKcyr5DXtj1540NoKj8YegEs=","4/aaHgjpRdDkejh95bXy4XPiybsu0wImFgZc+wxCz9U=","nqZdGh4RSrbxL9KQx9RxpnrJdOWFWFmFcUxGbRabeog=","4eY0BdyXbH32eAbC0Selg7px2Q4Yi1soBpSSJuoDjK0=","I1cE+rMxR2qmT2QzYHOun5+6nd8VsEjGmi2M0138mYU=","3R284qyM1pq1S7x9kMQlT2YUKw3WkAN0msgerEYI0yA=","jXkuPQ1wE2wNRNj/mUnmBo991bT7tkBgfxxm0x7P7Oc=","fizo2pBbzkL+ciCMmP9WM4Tb6bafWDbTx+DVcTRTi7w=","vEA+r3jC77RvfUfJuMT0In1ABXup49pBLo5d04baMPs="],"block_size":4096,"path":"js/browser-action/home.js"},{"block_hashes":["TBsB6VXPjTueQvKIYM4MexdkSZBDTxNh+701QlcDHhI=","fOa75q4hZiejd7J3zSD8lU1hCbUHjQ3UPS0vCJzYbkM=","wTf14cf+nYyOWDvAAbWegJ+BKf+/TomoDqOeL/TQaCw=","q8NdKjh8dbSWu2o5v/XAJMLt1rcmYIR/cCsgAeZhzGM=","V1YOxjJudq1qfR25ldLEcNS/w6glhIms7iXBqSg3gnY=","vw86PKMgANZMtePfusHxNiMs5Eg76DLOVHsbM9Kihrk=","GGaNAgCep023VaMOrvjreeWuKGR/R0bWCK5AYKhelHI=","ZtR/Mvvj13TlGYn90lUqZvxseMuOJ6g60fYvcDvbXWk=","UzlfmMyvREH0E4iUQN7xJUPCqr8OCNjyUOpqd8UygGI=","HJQl/AqE0NWKLnmrAhd4wikjOuzczHuspfnlq/4OxcQ=","X+i3HyJfQYps5K7MOjQ/SNPZUbWskEGh6XEJPO296fE=","/+xcOj88ufu+SuHK3oaSDgv2mTrNbcIC2Wdazp2dXcg=","8FPjC6262RE283bzuki+XCFt8j+XgDWnDqeRLeV3nHY=","ALeCQGI47aatJGGo7amNbUcNry95jHpUWBTSe6igAuk=","f0lKBm5LX+unI+IKSJCSnt3Am49AXm39PJekHQk8ego=","qylUDdvB8o5iV6ccA0jnYJNHmzbqpIZVhWHEFlAjtDQ=","ICi3ucQW0PMFfpqAzkR8g5AGW73LmhRaDNgmiaR7nT4=","PXMBT1Wdpmw+vniHfityQTkJmyMEqfxgjbVutYy6N2s=","7PX2hzx8S5tV5muGrdDkcoojq8SRoLsrXnHwVCG667w=","CksCQqy5pb4jbdnh1reRq1wEAMQ/sOpv7D3NIl7Mo/0=","KfmxIL8TiWuW+oKc+1KZ6jPg8hMnlEEma3fQg2yHNVk=","2ZFAKAn5ASgf28l3ar5etfyFOx7eiI71Xt8HUBFncPM=","8nT4c7/XRq+p9eDpqSq/UuxUSVoTr0FI8NNLiHxUyEs=","M1R/NDmXU2u4vaxjUcfknyVJGX9XHkN/FW8OtnAWmQ0=","QkWhI4lxy6w6FfedlGGMhKnUawg0yFgAJnhv/Rusn/c=","08VJ4nqIXerQTQ1oPt7NvNTo9TfbYv4+wKZpTZq5T/8=","302oM/d8rO48U3olylfLLiHlWrWmi7JIkx29JluNw3w=","BIrQsFwoCMd43nxe4ENEZ+U3N+KWxN1O2cC2AALXRfo=","Qvjh+W5iQqWcySx89eFjGfk52N/Lo+3eCB76W1ThGo4=","NapNKY1kZtFCX+PUWp0b8X1gFoTFc2Mq9D6g28EeoIg=","5JLzseJWRk7rBWd4ZCfB6MXzZC2H9dAkjUtRH62YI1I=","4z/vdrL8uI+6T4hgUpcdb8X7/Uuj/C5YArUej1SyL0E=","oyIMVBSyMDnEaEQQqLhESlGK1tGqdUgdWUI/8lQ0Ei8=","LwRXUpuavqeefG9mYndzw/Sj4mdzjEDX38QkXJaUE6U=","rtay1nNsXJ6Yvmzn5kSCyJUSh/RMIg/eGnkULwqJzaM=","teQ2EK7taCcLziaVMdaVXrOMJPshIoo29gb6X8DajdQ=","X7udGiV5acpt3QmPgivLYUw9uyVrWKFHUuUMY5Q6avI=","x6FsyANaJB//lCEvw2uDPu/EC8Lj3ui16eYIz7O/gE4=","w5Qpix6ZWpAbRolws8nLaldNbEb1bQfwCzRFAz+p9tE=","7CECKas6sfjRbye7VJU16bVEigMeAUiiTAt3pFhmiSs=","VzBrMjGdtWteVipXeamoEhXrzufopEgefGWzeLI8haI=","xFat5W9ghLArQ/HvyWW4VFlsftHYoYDwLoB37CZBTK8=","hEolA5fMF5o+RS0Wl+HoFBLeVJDPT0UfQ1yzcHqu5Mo=","KUyXKH5zOip/C3gS4fPwgmwyXgy72TjoLl8O2AVymOw=","L++orwE0s/52wJNKDtaB9MDgZufgMoJ1jYQqlCyp37Q=","gU6kr1/3PjIvku1nAFQ0g7v8Wjy/W3f8ocDasqAUa8o=","XXOTrxVNwvT9HKeuVYJro6oXS7ce3ma65KTSTot16W4=","4mFkJ3o+dtf9RZPOsfyXR2fVjnAeNa+Mkds50ldjEqY=","svzmuSBxNBSjRgsxqThAVpZHSa35NDOeM38pgnM/0FQ=","8AagJx0hdC7jRRQAmdAx/fFBZFpOefxuLX52g+S0ITg=","kTAeFWhJLRWAnutUjt42UYshkhLf3Oq2SZ77vMP3Y2s=","eayRsW6lH8eiuE2NzuZeC6cjFc0C348EhgyJAQtJSl0=","56FGPqRqKN7zFMaEnH8QsABXJkNUOPXqqBfeweMRMNE=","rV8uP78YyMS+fXAy2KOmY/uwMsXCkXUNionAyvAtxxI=","HOl01nIeDbngsh2DerThaEl0Cx2aXBukFWP0vm6+K1I=","I7n39YZJAtEH2GuRevpe5DSI4lasIF+KHwM3/y+pqMc=","X5Z67ifGWyy+iiL2j92rM85UB31EpADNLW5qOIYdSUs=","k6M4KjhP+TH0U25WTZkp56Afhni8Jywsn2SbJ8vZBL4=","fcuTKEWR0MR8dJUngfv1h2BBoWtWeqG37JtI3nf3OQ0=","WloAZLrOcZdhhY4rNQchJr+clFTVjQOz7kC0v37gl74=","DFI+n3OhcK+ltZ7chkuYwgLaT8zLWvIBf5E0s69znVo=","P0dSMGs91+xyrelPgxKfqaPGHPsoba1uLsF7/jgwLh4=","123b1SQKuoVmhGHbfpYMW7UgR/1Tgz02yfZ5sVouRiY=","QaYGnz37J5z2wlK19IfuKRqaKvCZkqyZ8/bM+MlP0cQ=","o3DnfkDQsa7+PSLTTdObyPXXpxDrJg1A1m2JB52Ba+c=","LdwfmjL5jTh+CtWc8wwp4h9biVz20hqLi3Z5Yw3guaU=","V/8514ZYwS/4CqYac8rK9TEQCqtK8fQrQsFHhbvWL6A=","tbtWgQT8u+7cnyBlzAngPCnTOigk0pdeIpK8ZoPcepg=","BrXjpqJGr7zLA9RZbvMOlqFTe7gMfm8cu7UdtmXakeI=","W3KK+IM0HXigMWZNrD2zeZsxAWiVvcRUfI+YqDCoAf4=","WjtTY8gs9Gz9VRKa89EcnxDWwHd7MV+tYySmnVkN37k="],"block_size":4096,"path":"js/content/content.js"},{"block_hashes":["1Vo+nJCgbGXPz+y7jd0ljAORUPEWOOm94KglsR8EV8k="],"block_size":4096,"path":"js/content/content.js.LICENSE.txt"},{"block_hashes":["6NMW5dAHeXSTZpq1KXPmriXzJ37JDMadH4bOXKvIIis="],"block_size":4096,"path":"js/content/licence-checker.js"},{"block_hashes":["OWpBl6yIcPqzZJDHmEJc4VM1xV3JuiuLNlQ3cerlDTE="],"block_size":4096,"path":"js/content/startup.js"},{"block_hashes":["+ApbEoo9ZL9FNXL1YJ/xhS4MApfnUlntsmcKvPbdXPQ="],"block_size":4096,"path":"res/icon/40.png"},{"block_hashes":["bkMW2DUJWaVf85jNXQDsIA9sWFpuIuZas2TGzqFJ7y4=","kt+FWNSmKQuI0HJpJlAWAtnzv+mT5fEYmjBqdRaGous="],"block_size":4096,"path":"res/icon/48-msg.png"}],"version":2}