{"file_hashes":[{"block_hashes":["QycDGm8YEsAR0jr0Ik/mgxPMENCVknDiLPwjDuXaa18=","5lJgdll3H9B9aDkGa8Uhx54EU02dwhytPTlDiccmYpw="],"block_size":4096,"path":"buna.png"},{"block_hashes":["gE/wf5SLaevT/VM3XF6L9i9S7FoyhBYpd9LSZjeCOcY="],"block_size":4096,"path":"cfora/barama.css"},{"block_hashes":["5t9e5KT3XKu7FlbhwtNwUAeLhQuN5hv45lFO0TF3BJE="],"block_size":4096,"path":"cfora/bvino.css"},{"block_hashes":["iTgLDh5v3prCP6S81NSxeMVZhoH4Tz/PUU1PEoHEdKE=","GMJwXYJKCRyJDxfN6NW9HN1btJ7iZ950fZPiFwc4dPk=","UDvgO3abm825b9wNBs8xYnRQ4LuYfcA+cvrLGPjUClI="],"block_size":4096,"path":"cfora/darama.css"},{"block_hashes":["BL6xsKytfBmMeq+ufmu2EF21DTM+9IEB+nJHyCqTCbQ=","IV1zceVe6K5c9bS0qztbzvpfz0AFIce7CM+Y+rl9uNU=","5xICNdVKl8OZmGfDkNnqSjlEPV2+6QB7vxzo15yFC08="],"block_size":4096,"path":"cfora/diafa.css"},{"block_hashes":["5whJstZtorUlrkJKJ3gD6+dLPKICMEIvux2nzxnXj1k=","boWPjy3GesR3ORLXl8Y8i9l/OOdMyqXNguEjYo7XhDg="],"block_size":4096,"path":"cfora/erererer.css"},{"block_hashes":["BE4alRbQ6mRXobiJDZ3Rn9ASlwgUPZuw3/NFRV8x4v4="],"block_size":4096,"path":"cfora/farama.css"},{"block_hashes":["j6SuRcgng4EcCo+yi2PYR+GO3M4san1U8w0NNQG8DZc=","e/4M4Xw5upi8uQhAnz7LmzicsDfi3JpZE3YaQbNlFDY=","+4RPiTMaXDS5Qt/Rm8tj/NTIzeRveGViLP1G01zrX1A="],"block_size":4096,"path":"cfora/fiama.css"},{"block_hashes":["Lx8Ef6bRfmJYDaUhtkt/TX4Ef9nKD1gTrlRMmNn6SXY="],"block_size":4096,"path":"cfora/fofo.css"},{"block_hashes":["J1u5N5xvpM+0pyd4tYlKU/f9u39vP34B1XTAWQweBzs=","5B24OWyKyPm/RB+hyBtFmivgl6UN1inj8AgACxv7yuo="],"block_size":4096,"path":"cfora/gogog.css"},{"block_hashes":["WaYhQnWvRqI/mF8xa5/AVOrJJZP7wTpUhCNlxDn0zJQ=","qJXr7JRQmI5/P+8tk+Cz2oxd/k55Oal6pjfafbjJmzs=","fxRSMz753Lu73KOBXty3Jj8rwnwtTEmPAA1aZWxd5a0=","mx+RyOeaBymtzkNRTnBmba8FtLaRvnqofGIR8kiFVC8=","EaLUa9n0KVxrbkkQzT/hR8I7p7aeT3ge4nViBTvZNGw=","tPnHkf1B/kr8tfjnrLBlJVBxKJuJg4Hx/UymtITy/bM=","dZQIktwl+sLAvqXDPRnYcL6R3ungd1AdncjCAPpP7I0=","uTl2871ddpAN0nQ6Ik5odcT43WBpjoCNo4SZsd4o/5c="],"block_size":4096,"path":"cfora/kjiko.css"},{"block_hashes":["hS19S/mK6GBst794LY3smZ3rpOLs9LPUwF528frtq9M="],"block_size":4096,"path":"cfora/kurama.css"},{"block_hashes":["6N5OG/nOyX0jzkv7SCh9PkYHaWHMRG6e3Z7Pec9J994=","AdbR3J4S2zmZnfcO3W/s393/DB59lyI49wJUq2PL2J4=","U093tsG+jOyXlBfCrrtNtzB0WL2tEkIYH1i7fqwgFSM=","mGyj/iBQ7I70Jd4frZ/JePBOtGK2/TfP9By73j21a90=","lM27baMsIhy4SkeAyDI2DvV/oZCF7sXcMiWTV1Fk2nI=","m6nEOLd0iBuUBoTYtVZkDuVfTJpyLBeYSIUba977rt4=","W0Aji1VOlBo3WtRsRiJmYntq8LBt61dUCrKCwnTdVso=","JK6HKAEu6xGiOdVjyn8Vjhn0ZcGEvOjq9MriaXm1S0A=","CkYvNZNpumkdJpxSDjIz/mA88twZMgTwwcdkuqos2cY=","TOUllbwLqViC4BZbLsMN+OjD9GIFkQpyfG5Ls870UgM=","XzmZGJYNn8Hw+vQNiNBzwO2P9dtYSN3n5PdhV+ijT/k=","+6drntlHpPx/2U8m1HokvyCd/M/ZMEtKObaryhBBiPQ=","Sys0wcU0rxxjK+YjiORvuIEJbbjmusqKe3gVYKgVpA0=","OWgFvO99ChfogAsRKpjZLYOAY+5ODn0dPmQe4WTZfEM=","dQQjpcyQbm17fOd30bX5Ser2pxjSwo///sw8/myoeo8=","oN7U1gPbIQaElezCnMfv8NFtiDkwtcrbLeadwnNIXOQ=","Aq7iBhJqlWEgMG47S4EXPR/RoUFv+LKagaW2DlSYfA8=","zHWFHCQgfHOtzC+NsLdCslNn1EflDRcXVML5elp7AwI=","QzJPLiTv21hfrvL3tAE7KkAElsX3UsmV2rnc+mnxTvw=","vvo6MwUYjpUoUangyiGnH7f+ZPwRyMkvcgdmF0BPaUE=","wfTt8md1BQPzDU8D95vR7tQBQCK4OGkD1azulRdUV7M=","CCGUv7AcKtbqMJYevLc1uDQtY6hc+P6f2rWMV/MLeks=","V1UdvC2KX+Em83IMxwUTvSlpN+yS4ELXYWyPvTQ3arw=","RAM0HJPBsL4Fxu1rYz9Y/bWnxnBgs2nUUXBY8RsIjHc=","wLRKKA3OCJ/ZU7mn+6fP8rIgJUCdHRk8+bqgxe75BMI=","Ezh/Kbjdsq99RlItMlfnmDIfROdzvgCZ4teDm1a/4t8=","hmsmRy/PdyyE6grtHABteRqjcuMSQ4TWrklauOpxpqI=","w261YMRElatJ5C6SwuAiBXAqd/C7EEziT+e0dKiMaPo=","oeg3KKYYKABJ5EBUKPABjHj6n7kV+xEURCCXMcsB9Ik=","kBwayvlbaR//XayGMYtiz9bSPt29WzBMQeZOABYzZy4=","toQYHwmcsHRcJo+bAMLed7dV9ZbLUBgXI1q0CU40LgY=","Ouq6A89XALD7ALM+7jGohscnZhan+tuFMTqEXnr7mMA=","/ZpCpzzn2RMUZ1m9Ozfl2mRAGx6ndL6xIH39wn7oP5k=","0Y5QU2N296EG+z5gLJRQTmCspT6IVHk+IfbhSAc8kvQ=","aOMpLg6wTS+vRt/e3zDHOyvMxgbHpS4WmeIrr+bw8J8=","0POEmbfnadOJN6i1UXS3GRIAKPLBOlCR6APWqW5lxwg=","LI6J/DZCtzUZVe0eXTNVymePKHObJ9qY4FvyiWSXm5w=","FgzdRB4WZJ4PtTEEWesyFDemlMBAPHJMMgJKXl25W4U=","0qpEcUGUHMuVc9A6YHhe67H2rRZ4LMZK85EJITwmqpw=","NZwmu9lEku9YYbhPM6UiBnRGPnmnBSOWO73AHjEuPm0=","w40RUc+XNvZLeFIerKeM1oiFGwrWITNGVEjDCn52IQs=","P+FRH9QN1fpvUyD81u1YweaUqbAX0Rhx9n0mOabaDYg=","Qz/uiPFuFbJSFx7mHvMcHGL8UBSE4VHOre+VqVn52Fs=","ofTecNFa7sv9+mCagQekLBDB9VQueP0Nf8fQfEwHP1s=","99hIi7lQRIteRej1CrTQ3Di8rKKugADDepkN09bPp6U=","780IJ6H4hYmRS84sm2FhTWl5V2YoAs6i8vNRIZdhvg4=","TqjRR3ydTer1XkuJTzcatfufNMMGOIXgXgYdEHmEsRU=","+G8fLMFcQfDLOVlbI39yOpqEDQ5g/FoRQ68puT/drvQ=","1YUd7yh89p0ZkMw4eJDaHAYl36y2L4eKU4IUPDsrsBQ=","DryxL9G29yxJawy10nqNY0NzMsfvxHgZcYGJYSivUjk=","uxhz7a/dWDQfQR5m2rfRy41W3foCXAtcnF7ImgpD4VY=","9A6pIVnED0HluXjd1jGvBYGAUTA/jNQA5s70f8lnhoE=","CmN4i4GbBawOZ2NnlTASBNu4qwuYcngCjuGD0rtKPxM=","vgL2tUpOEmMBxqvNL+HxZoHiKELgxgEbEX7Th5ne9dE=","8AgV78301IyVsfO+CykA3GHbvalvaEZtF+1e1c5KzbI=","kxOCnkXVAXHSamX/V+jC2jMdVaid78JscLAVzwdUIr4=","8OOR6pdq6JyPcXrDhrP9D9N73I2169n+ptLRLNJEEe4=","pXNC/vmU4OkiGiF15tm1xJ3w2biyDhc2s/hJL4o8sYk=","BQcolv5X8EDEKGjFLTRHTiCxzd0whvJlUN9CO24uAdI=","+Y7v9KAn0pRFmzZ0tWhVI5VCPsHxeHPYgJo1hWIUi8w=","RI47L430rldrymWHW51PyDp+SWPnOCrtbarsrHqZkWc=","HkvMggrx331gmCF+DHjxiqcqZHwYv3PgBIBrYXaN83c=","rYbhcToEFM9Vt7izkRfYvHnprKP7ET3jb1cO6AK5lX4=","R0OMQ6TC4bNGs0q8YODj8m5JgW4g9xSvy6Kk8ZzvaC4="],"block_size":4096,"path":"cfora/lala.css"},{"block_hashes":["mOxaoLGxtoxG8PU0qsmnWfF9+2mILhOL6dz2u2WS/CA="],"block_size":4096,"path":"cfora/parama.css"},{"block_hashes":["Gv/iP3BmnjunVTEC1vtgKBxgu+R77m4iwYavtNpNjEc=","S4wAEgu9vsNvXR02JVdLAvQExj4Kmwyo77Jh6RwDlek=","d6QuShGlefh1mXa5O1ZK72A9JrR9NWmICRV3zs8h0og=","/x1ta6tIkci7UyJuCYIUXx3eYWi0QmCp8THIooTC3B0=","8+ha0L5SWSs6R58TlXdFqyfOQpELVOfxqMSBVYzttSg=","JkJcikY8O2I/C4KcxjZA5krCzkk9JPJwng8ZAUbxZos=","p7oexEN92gjqTmZdJnJ7UgNTlbN65OxsOW+cvz3xtlM=","53l3xXpsBHJW7nF2L535o7CpsL2Ob4lrO8A6pdneGQo=","ZczTHS/faXqBQEmBaQP+7KSous7HshKXGdO0ejp6pL8=","DRrXSTY/pMofVQKmaC42waa1gH2SeA6G6PIDPOD1XV8=","O9XFgh7rYqUT34WZjwWuz6WI6PGI8c3EjtwuMsecV2Y=","Cnpgmk5AoaA8FJt6oHXgrDF1VhIt3lUoFe1bSJv08MM=","0qXWTCJ2ZrXzJOFWwZHVWKscczpImXx4qJSa7bwKU5A=","jsoF68htK6wk+/g7raHSOR7IOBamU3rEL2jspGifO6Q="],"block_size":4096,"path":"cfora/pistrfa/astrafa/dadafa.css"},{"block_hashes":["uO37XPUKcXPdqcxmND0wySDpEL3+vOTJQ1dXN4PUXWY=","TdNe2jTR4MjX0sWasKIvfnzQILW9Pi4JZjvzogXtAx0=","KpjuQMz7eDsig1s9RunEj6lBQg01lhdp7I+MYtK6Tdc=","3WsIhIzogecAr0+Fhq9Uwv88w90KPpObgOM5vprKfKM=","04ur2FGvUcgrjUZDrgssEhhNOyhUtlPx5cxDEXNTQJE=","Lf3aXsDPBotziYNttIlWTPujzzbCdPBzz8E88y5uEWU="],"block_size":4096,"path":"cfora/pistrfa/astrafa/didididdi.css"},{"block_hashes":["tAdiRiRsaNKHP5LmTKxj2jSNfXJu2K0Qk512mheDzVw=","zpAxRiwlWeFMvG1T6zOeF3+Jl/4QisFNH/KCJbXNCMo="],"block_size":4096,"path":"cfora/pistrfa/astrafa/ftora.css"},{"block_hashes":["b67as5PsLKEzGZhLMw9L509tNpv27rBze+Btm2fwAXQ=","ANqYxmjo1FYxRR42zMtD5664FSTTAAjyRDeIcn+Svh8="],"block_size":4096,"path":"cfora/pistrfa/astrafa/ggttrr.css"},{"block_hashes":["BkXwFnFIss0jMIi6wyu7M7xbfhtaQuiIZR1TsYYRTYs="],"block_size":4096,"path":"cfora/pistrfa/astrafa/gurama.js"},{"block_hashes":["v6og5F1RytiIZIS0GjTIdTunBR5SuZwvQmvXf+WQI+8=","+2NCDyi3D15sK63ojmhPNVPwfP70/O92OnZGMZJjJqk=","Ftu6g3QzU5sYh3sk+P1f9Xttz+mi0iv68g3bjmB+BR8=","Be4irg86icZqzF2w21dk01BWmCo1nr5h++SuBt0uQGQ=","NUsdr4kQ2XKeXzOpjCIvl3Z98hOCHiyxNefRVjKXQT0=","ELGrgg4PU4WHm7/SjfNid6CfoNzcLS+PMIhVwNAAltY=","V3/SdhFaTbsv2eU5Dw0bP0El/ccN2E/XHew2Qts2Uho=","Sbqw1ouWmdXsArn7R29gYJpFNf9VxAf+Zt172wJ29z4=","r3Ys1fAoHMj6zhlvlnWEp67mzQpSKg3yPfUtID28bKs=","7eZaPGWzeIvM6tt+harwyb9DJNaZzEQeTxNU5FAEZSQ="],"block_size":4096,"path":"cfora/pistrfa/astrafa/hgerata.css"},{"block_hashes":["38Qr8QW07eyHxxTiDiV/HNjano5i29hiQHHEWW7Sr6Q=","aoWK09Cul82mpCBI4y6J4Azwn+7SCgNVyvjXPGw3duc=","zd5YPkodPV+iwSkLdMfwEGIZCPu8kyATqRV+P1d+oAg=","s7/8tbTP6n0hxNQRg/wVKRUcI1uoA/dWevfotXuEF1o=","9kbpF5oWw12TPIC5/MkMQuBaTQoifeHLcLY/cXTUxC4=","zy6q+z7ISFBC0bixgUvtqQYB4QtuSgWV3IHRekGkRrI=","XkjzElda3JDzda6Zhwo5zzf2DO9sE0ttbBC/NUQM8U4=","zaXGhWJ+wg12/NtU8ZcyObZDbnE1QU0sz01JhqRrYYo=","EdzmCNxonKPYEAW0v7G2PDyHvrJgYrONv4gNsMxSAaQ=","OSDk55bI7anZvLZhrD0hofwaGEN7UjZylhF+9sjw5kI=","OoX3iOVRjniQIkXsKEIxewK/3fEwAaO/71nLgISJT8Y=","Zhs2ELDHuMW5KV8t4aqLYeiFD7XAig4qiS/r5gEE5sU="],"block_size":4096,"path":"cfora/pistrfa/astrafa/hhllkk.css"},{"block_hashes":["0kNM9AQ/Ht/xta9XpSftLVBBS9MB9d+Cz8XR7MCztSo=","oz/7CXQp2n64Rv6DbUfg+G8UJjFFufp3ne6l0APRhAE=","x5MpiE/jleBGfYzTft4CW92pAJrScNP8Hvbu7gueoBE=","NSKWTbtCg1pLQ5oqoGl0RUvjR56yylLOO0buu/Y99mo=","sC34Ly2bUDg2E9c6btuS938YeG80tVG3g7fg/DPoGzQ=","4ee9RqWbsM6BkmEcpGLHxI0/otbDaHqc8sDsr4yQZV0="],"block_size":4096,"path":"cfora/pistrfa/astrafa/hierata.css"},{"block_hashes":["yjLQ/0jiCzFkOL16HmxcTYveeFvCYI5s/pmnMVcvfNk=","OguTjhUKK1Da2NmC3mPmMWnREp97I4etH4oFhg6pVek=","eJU3n6hZysALsGbT6Z7zf/b6+keJNveWvD1+9TdYLTs=","JFWCqxUGIr4SdI3HPBxEmrXA4XW+IABaUSLirICV0v8=","WkRYHD5zY63KMDGgdv9QOCtAhEwqzj8U7/tLJMpnX/Q=","TomVRPW8FsoLoMx6NRimcotCpVXsXwuKWkUhQl9v3mA=","leIbEuYp3+gvqObDabW5+SDrpmobbrnWBUx/mI7zaKw=","pv0AwbmlGe9JI5eZPTaQaAoB+V19SykPBmH2DCCIcY4=","7KI+3bp+YBtreREXVhSeJ5bniS6NzHebbbzXvzjPzZM="],"block_size":4096,"path":"cfora/pistrfa/astrafa/kashsa.css"},{"block_hashes":["PqRahRAIbS3LEHlljEQwkmQ2AA5sjfPt8A5+0tyopFU=","Gmn+41Mgb008aRPTIUDYdTBgQndAte4vODTYouiInRM="],"block_size":4096,"path":"cfora/pistrfa/astrafa/lastokiara.css"},{"block_hashes":["+lkyAFcJ1OcSKDmVDjti0tVAJjb1bFMaWmuWd9okAGo=","pKFpJzJY66ztlH7Qm+L622zIxgGNkOaxc9mIQ8OYFsM="],"block_size":4096,"path":"cfora/pistrfa/astrafa/lavaba.js"},{"block_hashes":["XXjdWmVQyaun1ovP8Vbp7D3+N43AXoCNJHmXYQOBek8=","j/Ig2zeIiyfTDsyV9GZaRwB95h1EwN+j8IWjG6kljc0=","lMeORmbq45ixocb8TSXv4F3Ee+AfZTRzAHJEkVcl+H0=","uPpPrUv1W7t6PIhesXH1iPsc/8nbjE6sepCCJXOmAdA=","cbxWRZdXdlM6wWzAJ9mSVaOAjrKBfuHH0W98PKHcd6k=","qj2v2KhQGa8gobIwtCagQWiKd44TXO873aXAbkaJOSo=","sbRxQYHwbX4+jw1DiOv3q7dPbxEcmE4vwp+bl/ZyzyU=","racWbAyXhLtSAJ7AiZ4mqs2hOy6HuSakwlCwyK1Kicc=","25lRmgQu3E/i9gLk952bdWH8sGCzUvcF3L2QQsXvVDg=","ZU1L59n8CudIMsTt6e9Z+ZsWx96wQ5Mawz8Np4xGA2o=","xSN3UzgDL64TeDSW476xB0Kr1P6S1Uj77ifmV2ZlIdw=","y7RKqO/6CDKpr8TficLpx5nmCSKHKjfY2mE/9N0f/B8=","qv9qvtbzlBsMco4IPwtL+Rk0/JBCzk6qfnihwzsg4DA="],"block_size":4096,"path":"cfora/pistrfa/astrafa/parasha.css"},{"block_hashes":["yrxaAfQgoYQO944bUXST4Zr2eLA7cP9WpFBxRB7iYuI=","uvr147mEjiFzuh2KaMDI/IHLwLZMFUFxIE5Ge0tA7Ac=","r9/rXaSQS3O2JKkFGiYFWGzoSUTbxS0BnU5Jyl6T70Q="],"block_size":4096,"path":"cfora/pistrfa/astrafa/pkil.css"},{"block_hashes":["nI+68iBkLS6QxVsZZhmdTcE2c08rLDBjyHexhRqCZXI=","xSL+F1tzswzgfurqjFM+Y7ZAwGxnBH7dzaX144AzGts=","yWuXb1sqzmYsoasF/2hewAgaIzk2A315ehIOkiFAtS0=","/q8vw6oFJh5PCfCOXEnTraRl03ceefaLko6LdALJTMQ=","pISVWtO6EAx8ehTB9ZdT63eVh7Gl1vqLZRaMhzjZMHo=","eKxqZ16r3qtnXZGdXptiNRS8u/sDmsXMaJyqQt4TSqM=","7LPrhKorpxC8dicZERpWnjChm5HvsU2QY2+YqHcGKOs=","R1jHr2drekdTJGFYYXyR66WSR3NbCMSC5Qn/eF35UxI=","niF7M7c/6FRhrodkxvx9HnaGl2fz2mY15tKNcrlrvzs=","VsVw3lfmTwI8lrVgyz26k5ABmxXn1+YYb2lvibMLGGs=","nJOVokNYuK/LyAJsWyKp1UgXUOJsnl8C3Maaguu+otc=","aEm09RaQEW/yKIBhNcbS/3iy//HMzf/ycs5jOk1Oz8w="],"block_size":4096,"path":"cfora/pistrfa/astrafa/pkkklilo.css"},{"block_hashes":["rwmEYiT7VU1IB13JtuiG4uLjxhmI49Lyi9ydEow2uU8="],"block_size":4096,"path":"cfora/pistrfa/astrafa/pokila.css"},{"block_hashes":["yDwbGFsF0PuRyUfJnfvfFN0Lu81s9DWOJYxoM5HBCPY="],"block_size":4096,"path":"cfora/pistrfa/astrafa/puerarata.css"},{"block_hashes":["s+E9dxfAFIq32SklYpr4r9QgjCcqXNVR7onJB0cONFY=","QKcC1T5njWj6sAIx9fEg7ZzUqyfznJxGD1BtQkNbgKw="],"block_size":4096,"path":"cfora/pistrfa/astrafa/twqasda.css"},{"block_hashes":["rZ3Eu2TZ5Et6eqIAy/oxu7M6Bv410a0v+CedDZ0fs0M="],"block_size":4096,"path":"cfora/pistrfa/astrafa/zaqadafaga.css"},{"block_hashes":["XOjTx/YimxYGUc26K3f1F7HXGomdKvSojp41Ys55bFg="],"block_size":4096,"path":"cfora/pistrfa/astrafa/zaxasa.css"},{"block_hashes":["3+2Gmll9sdqSMhY+nXoQSUR6Lcf5w+1JHZDFJ9ryE1A="],"block_size":4096,"path":"cfora/pistrfa/astrafa/zibara.js"},{"block_hashes":["aZnK8H6iy2BI+/0dwpdao0j/BOcDe9aAfO/Bn/XMVro="],"block_size":4096,"path":"cfora/pistrfa/astrafa/zizizizzi.css"},{"block_hashes":["gq5U8sjazjBYvH+LTlZiONGFLub1qQzRupu8uz3cwVE="],"block_size":4096,"path":"cfora/pistrfa/astrafa/zuama.css"},{"block_hashes":["k24R1VZzeY7l0bar6tvT40nFgITVG3KzB4lLsVKwRNM="],"block_size":4096,"path":"cfora/pistrfa/bibata.js"},{"block_hashes":["dtqEZYsT2U4uEx2qiZXuhqcQdhTCcn8rZArtVC3/x8A="],"block_size":4096,"path":"cfora/pistrfa/cirapta.js"},{"block_hashes":["fnmckIDGG9Yg3/rBSxBfhpBodv7LasMkWPoSckP9QLk="],"block_size":4096,"path":"cfora/pistrfa/corapta.js"},{"block_hashes":["0sp7Tzyflb063BSUQ/+sR0RFAvPLbsvzdfkBDsqqrns="],"block_size":4096,"path":"cfora/pistrfa/gurma.css"},{"block_hashes":["/Q+js5KmuV3PggiCJ9+HnH8mUmoivwK5JfXxzNR3u6A=","+1yzbOopMa8L4/EyiYBAxZ25QNN6oq1s/Y3megYN3I4=","lcKExLoYTV3kjcgaiGjxJume5k0iDwgc094V/5iOQw0="],"block_size":4096,"path":"cfora/sisidsa.css"},{"block_hashes":["VRzRPnVaXlTkiAY+kyGXqwjQtvlLt+1PndvgHrnCge0=","n9e8t31H1IYOgjRclE90Y+Tw8BmaSTt9bz4/bf8UtFA=","CTBLxYoxNlCgAyXqIZhhJn79JbyYAy6qgd6HI/SfnWs=","YhH6C7vSVDwhuHhhYMG+PmKDoD398FN/LhcMPHXgIYY=","0CoNSJ9/LkK0c78/jIAJkHiMLL++8oPdzNWE7v6f+Mo=","B+LLQJB+AU7zxCEM1VTFmijx9vIPPqwE/C4nmCqLq1A=","pFxTx+yu5qLJkFhyX7qA+VkVjHdUTRGKtLMAlrEq/uw=","G1Fq6Ebvf4GqbT4Mu+oj4REhXVNDrRMGUYYhy468rVc=","du/SabWZY6caFygP3PYRMrOpmuDRn9ShlZKA1KRq1jY=","3K3oPN1UleiCC2HQYcRlkAbwZQEerr+XEu+2aH40WPY=","SaciXWFajp/JRuWq6R9rW3tKsIjsfo7zn3flgxlN6wE=","1GffgeseLxQbo5ja2j9K8+FABQBFIpSq+ois6HB78+g=","Ido7XgfSFY+SI/oEHPlliYdiDJk+mF0L1DeoVzAmkKk=","MzNoQv5B3gdN0BppLcCd9onOz7TQkAmYinrRJcLaMVw=","1n7WP9aCBI0pCUtajnRtT46TPTGWSAiBqlK2m09mLic=","Qc0ACspt3WOPP0m6pj0C30v3pmYjk8jhuoYSH8Owlcc=","u64ZczMED5z1PQlZxH9xLBVprZKwz082mT75HCTxFEc=","tGHMnSX07TKiS4q6M378tpoI3oXpx/qzK6/BGoYc2oA=","HcsObEf0JiAyYb2g1KfNx2pgy24zC5mdNUztFAdkVcU=","bqetQiEIP0oDnZOk4F3jreptLPBALGFb4OughZUxgqo=","ZhuS8Vnr0/B5eHR7966MK9WUIgiKQrYL2qnuvOUMxzs=","EsUQEbZ+rPHBsyPHAdf4Og1k8fempPhSZ48pjDGe67o=","T88aMrvpGmz472IfNrcfAVsaMXZ9NIdi5WQR8wbGem8=","GmSJ0a5ZdspUBhTT7c/Pz9mx9Vw17tTdjm7cfnTIPSo=","AojpVAmXlB42jAFj4PR4x30kGKaNQh/MzLOaqJ/+1pI=","w09EeC7YaHkdwNdtyDLqrpX3EzZm6HTV9t5lwCY1z+Y=","PM2lqbWnV01geg+nRPXc6kpKeX+s46AN2dwN+Ck6JBU=","0sWiYaVdcS4NCh1OWYbh9508unzT9pNZTDq4Vr2Vn9g=","mVtQW2J/zmfmiOpisQzFfBwLDyetJvR1420LXlM5Q6o=","L6KzJRLun2YaUIrFAd8QViPD5p26WgaujV6K9ocIqIM=","t+0Wt9pfVRHIauHTKuNyq6elW4D/nolmpdusm5PTC+Q=","n8praARLEugDTwT6jKlyQeM5zuL/G3l/s3CaD9UZ04Y=","uCYkkXMVr6IZJTxvnK67DmNwba3RtzEPtiGlMN/9M7Y=","lrvMszGvbcsQU1boiwR1VbJpXCuuAGDl7YhKMXVcqi4=","ziudpKKcADmmYBVrRjuVAcjJwk5VC9VR3rrmYb+9Rs8="],"block_size":4096,"path":"cfora/sukilo.css"},{"block_hashes":["uKkNLj8WGRyWJyHe0xqhxp3erS/nFU4oYstXw79G/bk=","vbQhlWXhb+ToPT1108arJNRF26M5gweR9SlL6JuzUkA=","3hvXlWV0DI79Uhl5D6YLL9wvoPuWQIalKSh7d0gSJ3A=","DSlO1Vp8tgpstHFG6CZMvruyhToTTUHYv89Z0Q1RVNY=","rjgg11c28RBHm/kMaW42VHhp67ENajDwjd2+I/krWP8=","D5HOwlZ/doJxRAT5W2QKVCU0257dCTRlJdUKGKMOyEQ="],"block_size":4096,"path":"cfora/uio.css"},{"block_hashes":["jDDV6cD6Uo99Srp2kRqpcCISHdki967Z8HAX93w+WqE=","xLUk5CHcK+GmiD5NJDwB8QQwiHPBaz2Pdj/IePb0kHA=","MqAf75XOWq1D4V7QLO2x7u1ELHjQ/rRhd46ST6UHXFs=","r9nbzpSZN0ci2QbNsNcaX7vT1s54Deps/Snz9Pw9s+I=","XvADC60DRcgK6vKciOaqYIyZnJ/90G2UELATF4kyXzc="],"block_size":4096,"path":"cfora/wedro.css"},{"block_hashes":["xvUIjma4i9vPcXt6KlwzhPS8HY/h6r+lyT2RKCCEP90="],"block_size":4096,"path":"cfora/ziama.css"},{"block_hashes":["RPJjgq3o50IVy+heQx0qA8ESDvaI6Rm3AxzLuVUEKTU=","pVNWUH/tbfFqJAWj98HVROirBg3aSbgOhZjTWmXFQkA="],"block_size":4096,"path":"dalfa.svg"},{"block_hashes":["RPJjgq3o50IVy+heQx0qA8ESDvaI6Rm3AxzLuVUEKTU=","PotAU/jM0LtGv5OBBcSxJBDDaN5VRGcbwMNqeOOWuHU="],"block_size":4096,"path":"ggrr.svg"},{"block_hashes":["pnhBtcwrxtrXWJbHSXHFm/UqZzPg55Ce9c31WP55mBc=","DrW3uY3QqwKrqwhanBblAfCNc52nTtRulvPrrqxzjV0=","cOkF0vHRdR8wkhjeCuFa+57nTCwQXvGIMb42ctyYZMI=","ANB2+E4dRPtoAkpUXokr7SrCesL2r9Xr8vWzbagePRw=","7N+bIb3LDRTq0UFmwfcfctnCjECry3+b8AleuN5Sbuw=","TW8vwyZI0cj5XX0lgaSR8cjX6KgPznLFKr98W1K2vrg=","XvGb35Z0Iw3LmgtMmIFl9sDOpjNYfU9QvBPiYiWnlho=","qWgxNXjxHBX4STo4GvS9eb35j5kZfBusC7HGTIJROoc=","ByVXT5i7AwfMsOfDGkY55O+JLsy/a6gOp6G0sp4L1Ps=","6zbOC09mnmAw8jxQsZG9OqIpg/W9by+5zpfCB/nAEMA=","z41TLNOPLgzlMftSbNZ0Q/NKckd70Y+GY8+KEZTfUM8=","poUIWTwmbufSHNQGQmkhowjq/HCJuGFRG8yM0xJq3Kk=","rWoiBxOXRol4mWforIXHI2fWEfj0HRtFpIHsqudEMVE=","zkKSegkU3vKZFlTPn2bS7+F/Iqzqs5HZZ3bv5yf6h9c=","OuD7z0C1VkUp61uRqHERhKHFnor45R+OOsoUr5F8TH8=","M+wVOXVMa3ReDcwMLIIQSxlT+Q4mcr7Umt6dnpSul2U=","quDsSPIot0U3uRbeTR5A5m8BAtSTAUYgMrjkx1Ai6ZI=","bUPtwD+V0uy1e3y+mP7rg93Q5zyjMfafXUNSeCkRFYA=","ApGsEXUOQWi1ZQdVHIBTC/PUYK+q3Mhl6QlxZ+bx1LI=","5RrjaohaU1iz37sKZJ4k/VwgALnYtK16MdtFx5PSHpM=","nJQAfdzIWBZWyUx6Z0S2yPHvS7sdia1OJnP77CyJY7U=","j+v7OgXK1mkrP26JhH+GNacaOVIQZbLT43w1MGdR+KA=","TtFlDYxnsoDqjBjHfkqaR6z91/FHJfxW27ogU7nMGDw=","z3ko93y3IDMTWa6YgF98RhdrR0B2P33nkih1TdKSG08=","AWM8WO2kdsBMc0cVSUG57JfXEw5i3tHdC5NBoxxTYZk=","7z+WvlfogNRS/ze5tr4hGYyvUsUe3fLp0QlcdpTINXU=","VVfMFjfmy3z4ZIlyEfovxcjuEXZUVv+6L1BtmulgktI=","bSPhOikdyERhcDuhUpw95Pk3pcR7WZuEdH11V0c6aQw=","eNfIsBkx2K1h6OUdbEdDRHEYlQBEI9favrKODVDJ6iY=","b8qlbf9Tp4G7GB6pV7rLd6TEfid75pLgPdytMuFdmns=","VzATowEl8VTyl5XjTXh3Oo8kS4ToG03TksF2dz7rOzE=","NYpcsLTDN18K/aXmcyMhdzmzFVYvtMYazq3AdMAehoc=","uypzZSuU0SyM4PBMvdumG411cFm+UMkBtkNrAmKRMZM=","AtUS30gW/Fx0DvJ0qYplguivK/39QV526GWTsWypqiE=","kb2R24aaDzjDbqeCqIAeemQkgBnSCd89yqgFgjpx1as=","XuYfC+XaGMmF9TiZre4qnPx7F20ARJcE1lL2JFWSk4s=","ewzKZZQPr7xK8dqbfyS1M1YIlGnLephTOYk7nRBRjEE=","T6vXs0MnExTXAmA8QEepTlAYARaPKol4ix/mcXySeZ8=","aM2G6HAEISNCYUiDWSYzO+LYLAslhuiswuIc/YOVA5Q=","SkiVcJ+E3nHSd0dfx6x9dSEM/vViT7jHG7aeEOgxIkE=","HJH2FSCCYcEiOiW0mcGQT4rrZqJTUn876UPkWrEZVTk=","2OyrqYb0A9rvFGek1DPesNz5S7CGnYng3qVeXYn3l74=","WYhbzlMArY3+ryIzptFb9kgA9nTTqXo8B0kwIbqsAGs=","4qquQ1so8Tk2jjLcEpXmfQEMaKc+SFbovDsZooU6EOs=","2lE50aQ7wP7C4e/NqfIddTwLcmuAYPpULpEnUXHAv10=","U6067xwl02zhfvUsZu+MkbkR/qx+UgioV27tvovRzgM=","cVvue6QSxPSPwdCaA4Q+B/MOt4pNKStqyBGak3C2RSY=","W1JrH8Gk9XKy3Kp0IN+OK67mYqKwutpI1eaS1VBWLpw=","4UWq9PdvwDisB4WocPMQMExWpw/sP1ue905HAExO4Ak=","XXMbNnt+zryJWtS69eH82yNPidKhzxlIasV0GHKPUfE=","S4wtwRswTfwPFHOrjjH6+Cxq1vcGIpQIh5wFFTH9VT8=","6QM9HbO4px7crj7LYTp/mTLo4od7MlL2nDYotLZZF70=","9gMEW8YYAk4GpKCaPLiYo7Y6cm6J+ZRf0LFTk/KNoM8=","Jjss1DnRiMCvQ0yJWIe8b37rwvg1kW2Dbns8RJYs7F8=","h82Nqn67r5n61nYrQr1a5tPte2GWY9h3pv7LE0afJfk=","0m33Q7c8p/z/7GECAvPPAJTualv8DO7zs3HIr4NkcX8=","Hlsesv+jA59U8hjf9bGHJyhbPpjVF2oPYXStFm+mz38=","Mgt15a4IRpumTiRA6proT1+nFJ/jgzQfA8mV5vjUxSw=","9wvr+utJnaoD9cQXQyKbdEU4ip7JBKro3Sc+/nGMX1Y=","nQucOCzHnIGmeIkSh4xKoF9ndxo3dk25TM6PHOgd3Yg=","4y7hetlSeJTovFZHdwT5N9EJLh7HPIWjVZG8o9J5E08=","jKnG2WTtKbhnatp3pID2gKMbqJSM+lNPH4AuQzy+3Vs=","qgPewCR9kLnP6D9R0zPqHndr4gVtUeHakDtn3AMzNOU=","vhXNLn7WpbTkuj9tvr8HcPvhcHYSd481B3ivUEgwk9I=","27XSE686p5FasBUbl2388BI5Z0pVbI5353S6adqk6AA=","HwnZ1KMT4sAoKfbUqloY1zEWtZMVYyaHTIJPCSBlQpY=","U2Mc8syBkCzC/QLcpe8d1DPsg5mrM3eg3IErq5OUVFQ=","zMRdbFEOMxWj0GApZMreYF4arb+wxPWSe1Wzgy3Y824=","qLZf2r1h6z0x2dyhLOkeBHVuDHlBeHz6KZoZrojJsUk=","DIPdP3+nfu8LDX8IZlMeUmQ9i2Jmj2AeDM2QJ8PPNPw=","a5Zs5uOGQpfZW3sGp9ylONrcHohaWOPKEaJpgGcXelM=","HmAlStNKyu7Oj4rL5iArDgXxMqLLX/31n4IS4F+Mzuw="],"block_size":4096,"path":"jquery.js"},{"block_hashes":["RPJjgq3o50IVy+heQx0qA8ESDvaI6Rm3AxzLuVUEKTU=","NN9cMfc6oyhyZ08liKfSc5CnDk8SyIu/q4etPYx86oU="],"block_size":4096,"path":"listok.svg"},{"block_hashes":["qdcYZLF8Aupustu7U7lXh62KT1uOVzdA09jP8fewGaY="],"block_size":4096,"path":"pronda.html"}],"version":2}